atleta_id,ult5_sos,playmaking,risco_rotacao,goalShare,ds_jogo,epts_scouts
100084,4.57,0.111,0.0,0.0278,0.333,2.515
100342,3.322,,0.0,,2.25,3.979
100652,10.052,,0.0,0.1034,0.444,3.734
100742,2.78,0.048,0.4,0.0,1.143,3.197
100842,6.907,,0.0,,1.3,3.612
100898,4.385,,0.0,,2.136,5.118
100987,3.262,0.077,0.0,0.0208,1.462,3.32
101254,1.633,,0.2,0.1613,0.778,4.104
101314,1.569,,0.0,0.025,0.667,3.556
101393,2.162,,0.2,,1.174,3.291
101405,4.28,0.0,0.0,0.0,2.059,3.853
101574,3.243,,0.0,,0.042,3.924
101597,4.098,,0.0,,1.353,4.449
101727,5.035,,0.0,,2.478,5.631
101908,1.664,,0.0,,1.476,3.756
101960,7.062,,0.0,0.1034,1.464,4.93
102130,4.712,,0.0,,1.143,4.438
102256,7.063,0.133,0.2,0.1053,0.8,3.369
102911,3.983,0.038,0.0,0.0323,1.615,3.707
102928,5.795,,0.0,0.1042,1.85,5.473
103056,4.991,,0.0,,0.0,3.346
103445,7.348,,0.0,0.2105,0.286,4.275
103767,4.806,0.0,0.0,0.0263,1.9,4.357
104027,7.4,,0.0,,0.0,
104075,2.745,,0.0,,1.286,3.662
104084,5.819,,0.0,,0.0,4.25
104134,1.903,,0.2,0.0,0.857,3.856
104257,3.297,,0.0,,1.833,4.716
104330,7.829,0.0,0.0,0.0333,0.0,3.01
104470,4.303,,0.6,,0.75,3.963
104519,2.039,0.0,0.0,0.0,2.043,3.583
104693,1.242,0.0,0.0,0.0,1.2,3.194
104758,2.521,,0.0,,2.154,4.975
104783,3.696,0.038,0.0,0.025,2.692,4.734
104811,5.9,0.042,0.0,0.0,1.458,3.355
104994,5.249,,0.4,,1.625,3.774
105047,2.353,,0.0,,0.917,3.262
105068,8.247,0.105,0.0,0.1111,0.789,3.303
105089,3.223,,0.0,0.08,0.857,4.111
105157,2.628,0.0,0.0,0.0,1.4,3.218
105175,4.857,,0.0,,1.1,3.934
105213,4.092,,0.0,,1.333,4.436
105214,6.438,0.0,0.0,0.0571,1.0,3.342
105436,6.145,0.35,0.2,0.0769,1.45,4.557
105531,4.591,,0.0,,2.091,6.083
105563,1.067,,0.0,0.36,0.24,3.815
105584,2.363,,0.0,,1.062,4.01
105647,8.716,0.043,0.0,0.1489,0.652,3.542
105903,2.38,0.067,0.0,0.0,1.2,2.969
105949,2.628,,0.0,,0.273,3.69
105990,2.487,,0.0,,0.524,2.97
106104,5.847,,0.0,0.0,1.286,4.434
106202,4.493,0.0,0.0,0.0,1.893,4.174
106294,3.719,0.111,0.0,0.0,1.222,3.405
106708,12.099,,0.0,,2.455,5.537
106822,5.345,0.2,0.0,0.0,1.25,3.67
107093,6.071,,0.0,,1.25,5.129
107173,1.13,0.062,0.0,0.0,0.5,2.291
107231,3.098,0.1,0.0,0.2,1.65,4.54
107453,4.461,,0.0,,0.857,3.099
107700,1.766,,0.0,0.0,0.5,3.884
107873,5.672,0.133,0.0,0.0,2.067,3.901
107985,3.728,,0.0,,1.154,3.613
107989,3.632,,0.0,0.2414,0.321,4.321
108588,1.14,,0.2,0.0,0.444,3.481
108713,3.389,,0.0,0.0,0.438,3.546
109096,5.995,,0.0,0.0385,2.125,5.513
109127,5.375,,0.0,,0.476,2.708
109336,4.513,0.0,0.0,0.0952,1.071,2.927
109401,6.751,,0.0,0.1,0.963,4.561
109573,5.557,0.158,0.0,0.0,1.105,3.067
110426,3.884,,0.0,,1.36,4.949
110506,6.785,,0.0,,0.0,
110510,4.577,,0.0,,1.15,4.208
110715,2.675,,0.0,,0.929,4.129
110750,3.605,,0.0,,1.304,3.821
110759,7.626,,0.0,0.1875,0.812,4.834
111246,1.753,,0.0,,0.895,3.118
111309,6.703,,0.0,,0.882,3.153
111466,1.718,,0.2,,1.429,3.585
111831,2.468,,0.0,0.1143,0.632,4.181
111879,7.747,,0.0,,2.286,5.164
112576,2.311,0.0,0.2,0.0,1.476,3.279
112863,3.957,,0.0,0.0851,0.211,3.498
112886,6.148,,0.0,0.1724,1.36,5.335
113034,1.389,,0.0,,0.833,3.129
113103,7.219,,0.0,0.1915,1.192,5.565
113113,6.911,,0.0,,1.158,4.447
113359,1.513,0.0,0.0,0.0345,0.889,2.737
113397,2.658,,0.0,0.025,0.81,4.316
114802,7.872,,0.0,0.1064,0.882,5.053
115025,5.867,0.2,0.0,0.0263,1.3,3.362
115479,4.4,,0.0,,0.0,
115914,0.944,0.071,0.6,0.0,0.643,2.48
116034,4.31,0.05,0.0,0.1111,0.5,3.19
116461,8.668,,0.0,,1.857,5.116
116706,5.61,,0.0,0.1471,1.826,5.809
117330,3.848,,0.0,,1.583,3.802
117403,0.799,,0.2,0.0,0.0,3.207
117632,3.94,0.231,0.0,0.069,0.692,3.981
117910,3.311,0.04,0.0,0.069,1.12,3.713
117930,3.248,,0.0,0.1562,0.682,3.771
118774,4.089,0.0,0.2,0.0,1.333,3.485
118775,4.612,,0.4,0.0263,0.4,3.719
120433,4.363,,0.2,,1.833,4.722
122394,2.485,0.154,0.6,0.0345,1.154,3.144
122485,2.162,0.0,0.0,0.0882,1.778,4.465
123648,5.161,,0.0,0.0312,2.0,5.939
123869,1.248,,0.0,,1.048,3.332
124239,2.045,,0.0,0.0,0.75,3.724
124481,3.153,,0.0,,1.091,4.133
124526,5.39,,0.0,,1.565,4.811
124912,4.212,,0.0,,2.412,4.701
125746,1.216,0.0,0.4,0.0286,0.769,2.734
125803,5.975,,0.0,,0.0,4.953
125926,0.947,0.071,0.2,0.0,0.857,2.776
126120,2.192,0.2,0.0,0.0,0.4,2.852
126182,1.445,0.0,0.0,0.0,1.19,3.035
126471,9.334,0.05,0.0,0.1053,1.8,4.322
126977,4.964,,0.2,,0.0,
128433,1.035,0.059,0.0,0.0,0.412,2.378
130414,2.829,0.0,0.0,0.0,2.0,3.404
130608,0.844,,0.0,0.0,0.667,3.802
130843,3.487,,0.0,,1.522,3.928
130906,1.285,0.0,0.2,0.0,1.0,2.957
131832,1.998,0.0,0.2,0.0,1.0,2.834
132071,7.747,,0.0,0.0833,0.815,4.039
132264,8.771,,0.0,0.1053,0.625,4.005
132274,3.339,0.0,0.0,0.0345,0.875,2.841
132553,4.652,,0.2,,1.625,3.942
132580,1.687,,0.0,0.0,0.846,4.062
133543,4.61,,0.2,0.0345,0.75,3.766
137542,1.224,,0.4,0.0263,0.25,3.392
141406,1.657,,0.0,0.0,0.0,3.93
141451,4.628,0.143,0.0,0.0851,1.81,4.689
141611,4.389,,0.2,,2.0,4.699
141754,4.877,0.1,0.0,0.0,1.8,4.274
141868,2.644,,0.0,,1.75,4.465
142004,2.91,,0.0,0.04,0.652,3.905
142265,0.922,,0.0,0.0,0.5,3.568
142279,1.366,0.059,0.2,0.0294,0.647,2.701
142484,3.18,0.0,0.0,0.0286,0.556,2.936
142867,1.909,,0.75,0.0,1.0,4.081
142890,2.622,0.136,0.0,0.0,0.591,2.828
143193,8.729,,0.0,0.4571,0.167,5.454
143488,0.413,,0.0,0.0,0.0,3.889
145036,,,1.0,0.0,,
145404,4.277,,0.0,,1.421,4.462
145744,12.327,0.118,0.2,0.1379,1.353,3.751
147883,5.211,,0.5,0.0,4.0,5.019
37656,5.429,,0.0,,0.0,4.532
39148,14.358,,0.0,0.1458,0.429,4.992
39656,0.364,0.056,0.0,0.0,1.389,2.975
39850,4.337,,0.0,,0.0,
40990,6.107,,0.0,,0.0,
42135,1.888,0.0,0.2,0.0,0.333,2.891
42222,0.752,,0.5,0.0,0.0,3.841
42234,1.696,,0.0,,0.0,3.705
42500,6.076,,0.2,,1.667,4.508
51413,5.107,,0.0,,0.0,4.187
51772,1.121,0.235,0.2,0.0,1.294,3.805
61987,1.091,,0.2,,1.0,3.908
62977,2.56,0.062,0.0,0.0,0.875,2.772
63013,3.411,,0.2,,0.75,4.222
63289,4.627,0.154,0.6,0.0857,0.462,2.743
68685,7.683,0.091,0.0,0.1724,0.818,3.82
68708,10.134,0.0,0.2,0.2308,0.737,3.419
68920,2.25,,0.4,0.0556,0.25,3.715
68928,2.527,,0.0,,0.0,3.635
68938,6.263,0.278,0.0,0.0476,0.833,3.198
68996,2.15,,0.6,0.075,0.176,3.201
69012,5.377,,0.0,,0.0,3.899
69140,2.247,0.0,0.0,0.0,1.455,3.148
69208,1.796,,0.0,,1.05,3.451
70164,1.863,0.143,0.2,0.0345,0.0,2.67
70360,2.048,,0.0,0.0345,0.353,3.442
70449,-0.033,,0.0,,0.0,3.529
70666,3.612,,0.0,,1.28,3.569
70944,3.835,0.08,0.0,0.069,0.68,2.555
71043,3.004,,0.0,,0.0,4.852
71123,4.121,0.042,0.0,0.1471,0.833,3.804
71227,1.267,,0.2,,0.538,2.991
71631,11.703,,0.0,,0.0,4.908
71684,6.906,,0.0,,1.04,3.49
72294,4.918,,0.0,,0.0,4.145
72391,4.491,,0.0,,0.0,
72460,5.305,0.211,0.2,0.0833,0.947,3.397
72493,6.05,,0.2,,1.19,4.306
73384,2.892,,0.0,,1.294,4.528
77485,2.434,0.056,0.0,0.0,1.111,2.655
77656,0.999,,0.2,,0.833,4.026
77777,4.031,0.0,0.2,0.0,1.538,3.16
78117,0.707,,0.4,0.1,0.667,3.931
78248,2.758,,0.0,,0.826,3.167
78435,4.261,,0.0,0.0,0.625,3.682
78445,5.757,,0.0,,2.684,5.808
78605,2.645,0.0,0.0,0.069,1.389,3.306
78850,4.918,,0.2,,0.7,3.97
78855,3.534,,0.0,,1.389,3.708
79701,0.06,0.0,0.4,0.0,0.636,2.361
80129,3.101,0.048,0.0,0.0,2.095,3.943
80196,3.364,0.087,0.0,0.0968,0.609,3.022
80287,8.202,,0.0,0.2759,0.727,4.668
80313,5.856,,0.2,,1.5,4.556
82628,7.137,,0.4,,1.538,4.714
82730,5.321,,0.0,,0.0,4.538
83433,3.602,0.0,0.2,0.0,1.87,3.942
83528,2.957,,0.0,,0.727,3.212
84339,2.412,,0.4,,0.909,3.971
84558,5.515,0.15,0.0,0.0526,1.75,4.026
84626,4.786,0.36,0.0,0.0312,0.44,3.073
84735,2.693,0.158,0.0,0.0385,1.947,4.206
84816,2.893,,0.0,,1.053,4.237
84847,4.116,,0.0,,1.095,3.444
85048,5.106,,0.0,0.0345,0.167,3.607
85403,1.364,0.042,0.0,0.0345,0.833,2.91
85626,6.913,,0.0,,2.0,3.722
86292,1.596,,0.0,0.0476,0.25,3.054
86757,1.959,,0.0,0.0,0.364,3.42
87008,3.025,,0.0,,0.037,3.704
87225,3.883,,0.0,,0.75,3.272
87742,2.153,0.0,0.0,0.0,1.2,2.938
87863,3.945,0.211,0.0,0.0577,0.632,3.502
87999,3.416,0.083,0.0,0.0278,0.5,2.901
88037,5.357,,0.0,,0.0,
89256,5.82,0.115,0.0,0.0,1.885,4.406
89273,0.759,,0.2,,0.429,3.645
89274,4.989,0.385,0.0,0.0213,1.115,3.796
89837,6.218,0.227,0.0,0.1042,1.045,3.65
89840,2.293,,0.0,0.2759,0.64,4.417
89883,-0.583,0.0,0.0,0.0,0.286,2.318
90031,3.122,,0.0,0.1429,0.808,4.053
90285,1.815,,0.0,0.0385,0.474,3.357
90302,10.509,,0.0,0.25,0.407,4.026
90370,1.227,0.0,0.8,0.0,0.643,2.438
90588,3.449,0.0,0.0,0.0,1.591,3.443
90703,7.864,0.182,0.0,0.1333,0.636,3.829
90768,0.717,,0.2,,0.864,3.022
91101,8.586,,0.0,,0.053,4.615
91473,4.19,0.0,0.2,0.0192,2.2,3.85
91573,3.371,,0.0,,1.714,4.123
91706,3.724,,0.0,,1.7,4.859
91772,3.485,,0.2,,1.263,3.564
91908,5.541,,0.0,0.08,1.696,4.487
92171,2.611,,0.0,0.2,0.714,4.489
92180,7.324,,0.0,,0.0,
92273,5.582,,0.2,,0.0,
92696,1.117,,0.4,0.1,0.438,3.386
92981,0.719,0.0,0.2,0.0345,1.0,2.84
93478,4.939,,0.4,0.0526,0.571,3.496
93790,2.888,0.038,0.0,0.0426,1.269,3.084
93882,0.618,,0.2,,0.0,3.518
93988,4.12,,0.0,0.25,0.625,4.328
94067,2.337,0.071,0.0,0.0,1.357,3.249
94154,0.485,0.0,0.2,0.0556,0.688,2.636
94583,3.812,,0.0,0.3077,0.692,5.258
94968,5.209,,0.0,,2.125,5.44
95332,8.013,,0.0,0.2381,0.923,4.129
95466,8.231,,0.0,,2.944,5.862
95556,7.928,0.0,0.0,0.069,2.0,4.333
95799,5.709,,0.0,0.1034,0.864,4.689
96591,5.914,,0.0,,1.174,4.855
96610,11.334,0.192,0.0,0.2368,0.923,5.226
96793,4.981,,0.0,,1.143,3.601
97095,1.806,,0.4,,0.692,2.943
97321,5.193,,0.0,0.0,1.478,4.786
97341,5.632,,0.0,,0.0,
97432,0.815,,0.0,,1.222,3.373
97460,4.703,,0.2,,1.273,3.526
97468,4.797,,0.0,,1.0,4.033
97642,6.777,,0.2,,1.75,4.045
97653,4.216,,0.0,,1.0,3.277
97795,5.847,,0.0,,1.174,4.946
97810,7.953,,0.0,0.1667,0.261,3.986
97867,2.288,,0.0,,0.85,3.46
97878,4.618,,0.2,,1.652,4.147
98022,6.937,0.0,0.0,0.1,1.6,3.898
98224,1.885,0.0,0.4,0.0,0.667,3.023
98225,1.472,,0.2,0.0345,0.273,3.24
98384,3.773,,0.0,0.0385,1.875,5.252
98517,5.692,0.13,0.2,0.1,1.87,4.251
98672,5.969,0.105,0.2,0.125,0.421,3.601
98873,9.007,,0.0,0.1731,1.731,6.177
98909,8.726,,0.0,0.1389,1.458,5.338
99213,2.096,,0.6,,0.867,4.122
99274,6.474,,0.0,,2.278,4.44
99366,4.646,,0.2,,0.0,
99440,3.872,0.133,0.0,0.0667,2.067,4.31
99552,2.651,,0.0,,0.0,3.961
100848,3.589,,0.0,,1.0,3.98
101715,1.42,,0.2,0.1034,0.421,3.691
102909,1.709,0.0,0.4,0.0,1.25,3.083
102975,7.356,,0.0,,3.0,5.832
103295,1.133,0.0,0.0,0.0,0.412,2.131
105300,6.921,,0.0,,1.957,4.19
106302,3.511,,0.0,,1.545,4.666
106323,0.733,0.0,0.6,0.0,0.667,2.516
108131,10.808,,0.0,0.0952,0.786,4.129
108133,0.477,,0.0,0.1724,0.08,3.213
108469,4.756,,0.0,,1.286,3.57
109966,1.215,0.0,0.0,0.0,0.143,2.618
110598,1.316,,0.4,0.0,0.583,3.663
111760,3.214,0.0,0.0,0.0,1.0,2.834
112939,0.843,0.0,0.0,0.0,1.0,3.195
113125,3.727,0.0,0.0,0.0645,2.136,3.963
113157,9.362,,0.0,,1.75,4.679
115986,0.755,0.0,0.0,0.0385,1.824,3.618
116066,1.057,,0.6,0.0476,0.5,3.63
130048,1.729,,0.0,,1.3,3.579
136156,-0.06,0.0,0.0,0.0,0.0,2.427
136955,1.446,,0.2,0.05,0.357,3.452
140438,2.139,0.0,0.8,0.0,0.75,2.967
146410,,,1.0,0.0,,
146623,-0.027,0.0,0.25,0.0,0.333,2.749
147088,2.059,0.0,0.0,0.0278,0.643,2.856
72951,2.393,,0.0,,1.421,3.665
81150,2.827,,0.0,,1.333,4.595
83257,8.204,,0.0,0.2368,0.222,3.871
84428,2.018,0.0,0.6,0.0,0.667,3.052
86485,1.311,,0.0,0.0,0.0,3.362
86859,3.635,0.0,0.0,0.0,1.864,3.595
87228,3.808,,0.2,,1.133,4.378
87552,5.337,0.15,0.0,0.129,0.35,3.136
87887,7.931,,0.0,,1.625,3.947
89275,6.721,,0.2,,2.077,4.947
89637,4.069,0.182,0.0,0.0,1.0,2.889
90309,2.985,,0.4,0.1176,0.211,3.2
90917,1.539,,0.2,0.0385,0.643,3.759
91607,6.317,,0.0,0.0263,1.15,4.251
92811,5.533,,0.2,0.0263,0.5,3.563
94930,5.818,0.0,0.0,0.0962,1.944,5.057
95620,0.948,,0.0,,0.929,3.169
96870,3.408,,0.0,,1.583,4.552
99228,0.209,0.0,0.2,0.0,0.444,2.704
99789,1.922,,0.0,0.0294,0.615,3.818
100695,4.808,,0.0,0.1034,1.143,4.582
101290,3.59,,0.4,0.1379,0.944,4.524
101319,3.811,,0.0,,1.188,4.128
104666,2.404,,0.6,0.0526,0.2,3.396
110144,2.922,,0.2,0.0294,0.714,3.937
110668,5.454,,0.0,,1.412,4.558
111829,2.395,,0.4,0.0,0.667,3.98
111832,3.971,,0.0,,0.5,3.837
114405,4.192,,0.2,0.0263,1.143,4.11
116447,1.171,0.0,0.0,0.0625,1.273,3.413
121824,3.957,,0.4,0.0,1.25,4.167
123738,2.85,,0.0,0.0345,0.952,3.831
126013,0.4,,0.0,,1.0,3.428
127970,1.283,0.0,0.2,0.0,0.667,3.058
132412,3.98,,0.2,,2.083,5.0
141165,0.551,,0.0,0.0,0.0,3.816
141615,1.029,0.0,0.0,0.0,0.0,2.919
142877,1.728,,0.4,0.0286,1.0,3.818
146375,2.326,,0.2,0.0,0.5,3.429
71536,3.355,0.0,0.2,0.0571,1.263,3.601
82775,4.072,,0.2,,1.789,5.121
84674,2.753,0.053,0.0,0.0,0.579,2.677
87470,1.01,0.0,0.4,0.0526,0.583,2.904
91866,3.176,,0.0,,1.1,3.401
93716,2.585,,0.0,,1.474,4.478
96342,4.381,0.0,0.0,0.0,1.5,3.403
96652,6.492,0.062,0.0,0.0,1.312,3.08
98484,0.328,,0.0,,0.167,2.732
101708,2.813,,0.2,,0.688,3.782
101729,3.905,,0.2,0.0312,0.125,3.195
103523,9.65,,0.0,,1.727,4.058
105048,4.999,,0.0,0.2258,1.043,4.608
106434,5.816,,0.75,,1.0,3.509
106593,4.097,,0.0,,0.8,3.044
107554,6.167,,0.2,,2.056,5.559
108162,1.636,0.0,0.0,0.04,0.647,2.675
110708,6.763,,0.0,,0.056,4.056
114040,2.54,,0.2,0.0556,0.538,3.813
116065,7.817,,0.0,,2.882,6.209
118655,5.27,,0.0,,1.692,3.982
123101,3.755,,0.0,0.1143,1.071,4.618
123360,3.164,0.0,0.0,0.0345,1.143,3.418
123689,3.141,,0.0,,1.286,4.491
124270,1.247,0.0,0.4,0.0,0.625,2.967
125488,3.595,,0.2,,1.0,3.441
128431,6.296,0.235,0.0,0.0571,1.0,3.584
131516,5.555,,0.2,,1.333,4.37
141595,8.48,,0.0,0.08,0.857,4.064
141995,2.004,0.0,0.2,0.0345,0.667,2.891
147545,1.725,0.0,0.0,0.0,1.0,3.246
147546,1.449,0.0,0.0,0.0,0.5,3.032
148215,1.732,0.0,0.0,0.0,1.286,2.944
37457,6.414,,0.0,,0.0,
63007,13.691,0.154,0.0,0.2105,0.769,5.504
63008,4.801,,0.0,,2.556,4.538
70592,3.474,0.053,0.0,0.0426,1.368,3.387
72605,4.418,,0.4,,0.455,2.935
78478,4.175,0.0,0.0,0.0263,2.056,3.786
80570,3.846,,0.0,,1.778,4.503
82463,1.578,0.0,0.4,0.0,1.167,3.01
86686,4.58,0.0,0.0,0.0588,1.235,3.459
87258,4.227,,0.2,0.0,0.571,3.766
88963,5.186,,0.0,,0.0,
92440,1.885,,0.0,,0.667,3.224
92747,5.47,,0.0,,0.0,
95362,4.431,,0.4,0.0833,0.176,3.284
98720,5.443,,0.0,,1.1,4.32
99815,4.282,0.13,0.0,0.0851,2.174,5.297
100804,5.004,,0.0,,1.316,3.654
102318,3.63,,0.0,,1.3,4.309
102340,2.084,,0.0,,0.45,2.747
103388,3.36,0.0,0.0,0.0,2.0,4.093
104036,4.622,0.25,0.4,0.0345,0.375,2.602
104085,4.222,,0.2,,1.286,3.679
104118,7.396,,0.0,,0.0,4.978
105842,1.46,,0.0,,1.0,3.469
111682,3.563,0.0,0.2,0.0,1.429,3.825
111690,2.321,,0.0,,0.0,3.088
118563,4.363,0.0,0.0,0.069,1.2,3.34
122573,3.64,,0.2,0.0,0.556,3.546
122660,4.456,0.0,0.2,0.0385,1.0,3.631
124424,2.853,,0.2,0.0833,0.643,3.935
124661,5.542,,0.0,,1.833,3.85
126189,1.563,0.0,0.0,0.0,1.143,2.776
131617,0.559,,0.0,0.0,0.133,2.835
131967,4.929,,0.2,0.0789,1.0,4.649
140726,-0.241,0.0,0.667,0.0,0.0,3.062
143173,5.674,0.0,0.2,0.0,1.5,3.419
145659,2.969,,0.0,,0.0,4.386
147864,,,1.0,0.0,,
68952,2.598,,0.0,0.0,0.9,4.157
81845,1.012,0.167,0.2,0.0,0.5,2.716
82627,3.943,,0.4,0.0385,1.364,4.413
88293,7.733,,0.2,0.0952,0.375,3.617
90608,1.84,,0.4,0.0,0.2,3.369
101002,0.671,,0.0,0.0286,0.286,3.298
101807,4.843,0.105,0.0,0.0526,1.105,3.078
105518,0.811,,0.2,0.0,0.143,3.251
108683,2.574,0.0,0.2,0.0,1.7,3.397
109987,4.236,0.0,0.2,0.0286,1.875,4.289
110605,4.388,0.0,0.4,0.0,1.667,3.598
112017,2.31,0.0,0.0,0.0,2.286,3.617
115141,4.856,,0.333,,0.0,3.185
118844,7.951,,0.0,0.069,1.529,5.464
129666,0.938,0.0,0.0,0.0,0.5,3.061
130620,2.199,0.0,0.4,0.0,1.667,3.153
141776,4.588,0.0,0.0,0.0,2.267,4.293
143600,4.563,,0.0,,1.111,4.571
147268,1.818,,0.0,0.0,1.0,3.844
148125,4.059,,0.0,,1.286,4.594
81005,1.764,,0.2,0.0769,0.083,3.197
86410,1.92,,0.2,,0.667,3.89
88393,2.838,,0.0,,0.875,4.092
97520,1.814,0.062,0.0,0.0385,0.875,2.619
97899,2.697,,0.0,,1.722,4.724
97900,2.154,,0.2,,0.25,2.823
140906,3.841,,0.0,0.0,0.5,3.922
143153,3.396,,0.0,0.0667,1.0,4.357
145400,3.862,,0.0,,1.333,4.372
146430,7.856,,0.0,,0.8,3.263
146991,1.504,0.0,0.0,0.0,0.0,3.398
42411,7.755,,0.0,,0.0,
72018,4.593,,0.0,,0.0,4.146
73318,4.586,,0.0,,0.857,4.394
92087,6.675,,0.4,,1.25,3.592
95131,4.664,,0.0,0.129,0.824,4.486
96353,1.134,,0.0,0.0,0.167,3.303
102877,0.879,,0.4,0.0,0.444,3.257
104204,5.37,,0.2,0.0769,1.267,4.155
127273,7.17,,0.0,,0.0,
146374,4.049,,0.4,,1.833,4.786
69783,3.11,,0.0,,1.0,3.413
85425,0.113,,0.0,,0.0,3.4
89368,1.398,,0.0,0.0,0.2,2.871
90061,11.106,,0.0,,2.118,5.164
93368,6.395,,0.0,,1.786,4.09
101820,3.785,,0.0,,1.0,4.109
107256,7.26,0.0,0.0,0.0333,2.353,4.692
107516,1.554,,0.0,0.0476,0.308,3.834
111683,1.348,,0.0,,0.0,3.755
121823,2.623,,0.0,,0.0,4.08
123016,1.966,0.0,0.2,0.0323,0.7,2.857
130209,11.67,,0.0,0.3,0.7,5.09
130232,3.927,,0.0,,1.333,4.561
141405,3.329,,0.0,,2.0,4.656
141594,3.662,,0.0,,1.214,3.944
142260,1.461,0.0,0.2,0.0,0.75,2.883
147090,2.804,,0.0,,1.25,4.243
148717,-0.893,,0.6,0.0,0.0,3.548
68822,6.296,,0.0,,0.0,4.385
79631,3.475,,0.2,0.0208,0.0,3.536
81720,1.442,,0.0,0.0,0.75,3.361
94034,3.763,,0.0,0.0,0.6,3.901
97868,8.702,,0.0,,1.111,4.454
97911,1.904,,0.2,0.0,0.5,3.9
103347,2.651,,0.0,,0.556,3.699
149990,5.639,,0.4,,0.0,
92182,4.294,,0.2,,1.0,3.464
94514,1.856,,0.0,,1.0,3.308
131964,,,1.0,,,
141609,0.709,,0.5,0.0,0.5,3.733
147089,1.498,,0.6,0.0,0.333,3.733
149994,2.63,,0.5,0.0,1.0,4.03
133679,3.008,,0.0,,0.0,3.198
140484,1.076,,0.0,0.0,0.333,3.43
149715,2.29,,0.0,,2.0,4.572
79066,4.252,,0.0,,0.0,4.014
80061,1.61,0.143,0.4,0.0,1.429,3.116
102906,4.784,,0.0,,0.0,4.237
110698,5.119,,0.0,,0.0,5.27
113690,4.731,,0.0,,0.0,4.054
130889,-2.398,0.0,0.0,0.0,0.0,2.958
137618,-1.345,,0.0,,0.0,3.275
145563,1.877,,0.0,,1.5,3.68
83048,-0.221,,0.333,,1.0,3.421
110633,2.825,0.0,0.5,0.0,0.5,3.181
117404,7.716,,0.0,,0.062,4.379
124219,2.103,,0.2,,0.429,2.907
124358,,,1.0,,,
133673,1.827,,0.0,0.0,1.0,3.976
150825,9.301,,0.5,,1.0,3.515
85465,1.288,0.0,0.0,0.0,0.0,3.14
99818,4.597,,0.2,0.0426,0.2,3.789
122439,0.798,,0.333,0.0,0.5,3.756
140496,,,1.0,0.0,,
150180,1.989,0.25,0.0,0.0294,0.625,2.624
63354,2.113,,0.0,,0.714,3.234
141337,3.391,,0.25,,1.0,4.282
141400,2.986,0.0,0.0,0.0286,1.455,3.601
142086,2.733,,0.0,0.0,0.889,3.85
142257,-0.452,,0.0,,0.0,3.091
145660,2.363,,0.5,,2.0,4.627
146701,-0.269,0.0,0.0,0.0,0.0,3.062
147192,5.528,,0.0,,1.857,4.819
147560,1.811,,0.0,0.0,1.0,4.078
148092,0.4,,0.0,,1.0,4.442
149991,,,1.0,0.0,,
107236,0.049,,0.0,,0.333,4.048
143463,2.336,,0.0,0.0,0.5,3.789
148124,0.244,,0.0,,0.5,3.247
150197,2.417,,0.0,,1.0,3.23
150757,0.71,0.0,0.5,0.0,1.0,3.195
150959,4.559,,0.5,,0.5,4.3
82407,2.489,0.0,0.4,0.0,1.0,3.272
106907,6.144,,0.0,,0.0,
115537,8.389,,0.2,,3.0,4.446
116067,0.461,,0.0,,0.0,4.19
123717,2.418,,0.0,,1.2,4.417
130279,0.969,0.0,0.0,0.0,0.0,3.252
133690,1.268,,0.0,0.0,0.0,3.857
140492,4.765,,0.0,,1.0,3.513
141606,,,1.0,0.0,,
143295,-0.197,0.0,0.0,0.0,0.0,3.062
147544,,,1.0,,,
68872,4.944,,0.0,,0.0,4.163
88136,10.418,,0.0,,0.0,4.247
101352,4.684,0.0,0.2,0.0,1.222,3.048
103626,2.137,,0.333,0.0,0.5,3.877
106199,4.771,,0.0,0.0,1.0,4.193
108946,3.132,,0.2,0.0,1.2,4.144
122321,4.409,0.0,0.0,0.0192,1.667,3.552
128177,5.911,,0.0,,0.0,
129663,0.263,,0.333,0.0,0.0,3.616
141339,4.746,,0.0,0.0625,0.75,3.732
141991,0.979,,0.5,0.0,0.0,3.889
145379,1.524,,0.0,0.0,0.8,3.997
146624,0.928,,0.333,0.0,0.5,3.817
151412,1.892,,0.0,0.0,1.0,4.001
97101,2.844,,0.0,,1.444,4.463
97905,3.4,,0.0,,0.0,4.001
98617,2.24,,0.2,,0.625,2.969
102310,1.786,,0.0,,1.333,3.491
103967,8.017,,0.0,0.0769,0.4,3.739
105901,-1.267,0.0,0.0,0.0,0.5,2.941
106950,-0.644,,0.0,,0.889,4.022
107203,2.349,0.0,0.0,0.0,1.0,3.228
109097,3.794,,0.0,0.0,0.8,3.937
112616,0.364,,0.0,,0.0,3.945
113158,0.212,,0.0,0.0,0.0,3.765
114208,4.921,,0.0,0.075,0.1,3.915
117061,0.826,,0.4,,0.4,2.962
122670,5.644,,0.0,,1.167,4.818
122781,2.453,,0.4,0.0,0.5,3.789
122897,2.638,,0.5,,1.0,3.423
141344,2.582,0.0,0.0,0.0,0.833,3.033
141763,0.781,,0.0,,0.667,4.336
147202,1.388,,0.5,0.0,0.0,3.854
37715,2.766,,0.0,,0.6,3.223
81091,2.278,0.0,0.2,0.0,1.5,3.448
87342,4.805,,0.0,,1.333,3.494
88479,1.77,0.0,0.0,0.0,0.5,2.75
91130,0.935,,0.0,0.0,1.0,3.925
91204,9.571,,0.0,,0.0,4.137
93637,1.705,,0.0,,1.0,4.361
97145,6.879,0.0,0.0,0.04,1.875,3.72
97450,4.919,,0.0,0.0385,0.333,3.825
99267,3.727,0.0,0.0,0.0,0.667,2.838
101995,1.753,,0.0,,0.75,3.176
109461,0.614,0.0,0.0,0.0,0.0,2.991
151120,1.939,,0.2,0.0286,0.5,3.715
151292,6.572,0.0,0.0,0.0263,1.8,4.105
72279,-2.197,,0.0,,0.0,3.624
89493,4.622,,0.0,,2.333,4.031
93371,-1.018,,0.0,0.0,0.0,3.738
95541,4.356,0.0,0.2,0.0,2.0,3.818
114801,3.756,,0.0,0.0,0.429,3.722
117314,5.696,,0.0,0.0278,0.5,4.033
117909,2.564,,0.2,0.0263,0.4,3.912
122121,4.645,,0.0,0.1429,0.25,3.656
123445,2.141,0.2,0.0,0.0,1.2,3.025
127871,4.883,,0.0,0.0571,0.333,4.006
130121,2.432,,0.0,0.0,0.5,3.516
130307,7.184,,0.0,,1.75,3.853
130806,2.049,,0.0,,0.875,3.179
141160,5.418,0.0,0.2,0.0263,1.5,3.789
141382,4.365,,0.25,0.0345,0.333,3.937
141536,1.025,0.0,0.0,0.0,0.5,2.877
142764,3.618,,0.2,0.0,0.25,3.888
151404,1.468,,0.0,0.0,0.0,3.905
91626,-0.328,,0.5,,0.0,4.337
99034,2.635,,0.0,,2.0,4.651
100596,2.722,0.0,0.0,0.0,0.8,3.059
102255,3.683,0.0,0.0,0.0,2.429,3.711
104649,8.868,,0.0,,3.0,5.103
106313,4.837,,0.0,,2.2,4.159
114323,7.718,,0.0,0.0882,0.714,4.91
123795,6.143,,0.4,0.0,0.0,3.502
124483,1.856,,0.0,,0.8,3.241
124961,0.83,0.0,0.2,0.0,1.0,2.902
140542,-0.263,,0.0,0.0,0.0,3.788
142868,,,1.0,,,
144976,1.348,0.0,0.0,0.0,1.0,3.246
73476,7.431,,0.0,,0.0,
86864,5.035,,0.0,,2.429,5.113
87747,5.971,0.143,0.0,0.0,2.571,4.423
101237,0.506,,0.8,0.0,0.0,3.889
106843,2.752,0.0,0.333,0.0,1.5,3.278
127932,4.583,,0.0,,2.25,4.824
141131,3.345,,0.0,,1.333,3.63
77510,2.225,0.0,0.0,0.0,0.8,3.667
86777,1.569,0.0,0.2,0.0,0.5,3.014
98333,6.709,,0.0,,0.0,4.551
107300,2.049,,0.5,0.0,0.0,3.918
115674,3.49,,0.0,,0.0,4.017
118806,3.051,,0.0,,2.0,4.791
151600,3.615,0.0,0.2,0.0,1.25,3.272
85035,-0.2,,0.25,0.0,0.0,3.398
108602,1.104,,0.0,0.0,1.0,4.001
138941,5.934,,0.0,0.0294,1.5,4.314
150251,2.126,,0.0,0.0,0.333,3.757
95936,-1.138,,0.0,,0.0,3.804
96340,-0.183,0.0,0.333,0.0,0.0,2.893
106028,5.628,,0.0,,0.0,4.493
109114,1.592,,0.0,0.0,0.0,3.854
124552,7.301,0.0,0.0,0.0588,2.667,3.99
142638,-0.64,,0.0,0.0,0.0,3.846
149993,0.711,,0.5,,1.0,3.449
73992,2.553,,0.0,,1.333,4.567
106147,3.862,,0.0,,0.0,
117926,-1.525,0.0,0.0,0.0,0.5,2.82
122390,,,1.0,,,
130525,6.668,,0.0,,3.0,5.058
80076,1.146,,0.0,0.0,0.0,3.905
96678,-0.666,,0.0,,0.0,4.125
97133,8.492,,0.0,,1.0,4.502
99520,1.145,0.0,0.0,0.0,0.0,3.029
103014,0.837,,0.0,0.0,0.0,3.893
111412,0.637,,0.0,,0.0,3.317
113558,,,1.0,0.0,,
122990,0.571,0.0,0.0,0.0,0.0,3.14
68899,2.766,0.0,0.0,0.0,1.0,3.384
87211,5.146,,0.0,,0.0,
98974,8.844,,0.0,,4.0,4.913
