atleta_id,name,pos,team,price,media,status,desvio,ult5
37715,Thiago Silva,ZAG,FLU,7.61,4.26,Provável,3.37,5.525
97101,Gabriel Rojas,LAT,CRU,6.74,3.3,Provável,2.63,3.06
130307,Wallace,ZAG,GRE,6.68,4.69,Provável,3.96,5.7
108946,Victor Sá,ATA,SAO,4.94,2.75,Nulo,4.04,4.275
114208,Alejo Véliz,ATA,BAH,6.46,4.98,Provável,4.82,5.299999999999999
151120,Jorge Rivaldo,ATA,CAP,4.07,2.16,Nulo,4.27,3.6999999999999997
98617,Maripán,ZAG,INT,3.53,1.76,Contundido,2.79,3.38
106907,Rafael Lacerda,TEC,CHA,7.75,4.77,Provável,2.07,4.4479999999999995
102310,Matheus Felipe,ZAG,REM,3.85,2.03,Contundido,2.48,2.0333333333333337
107203,Max,MEI,CHA,4.39,1.85,Contundido,1.91,1.85
105901,Edson Fernando,MEI,REM,1.76,-1.05,Suspenso,0.0,-1.05
103626,Ocampo,ATA,CFC,4.51,1.1,Nulo,2.05,1.6500000000000001
99267,Pochettino,MEI,VIT,4.54,2.1,Nulo,2.26,3.1
106199,Gabriel Pec,ATA,CRU,7.94,4.1,Contundido,0.0,4.1
123445,Dantas,ZAG,CAP,4.84,2.52,Dúvida,2.54,3.3750000000000004
109114,Matheus Nascimento,ATA,GRE,4.01,1.2,Contundido,0.0,1.2
101995,Brítez,ZAG,VIT,4.55,2.4,Nulo,2.29,3.8199999999999994
141763,Fabiano Souza,LAT,VIT,3.85,0.23,Contundido,0.07,1.25
117061,Gabriel Knesowitsch,ZAG,MIR,2.21,0.47,Dúvida,2.21,2.066666666666667
128177,Pedro Emanuel,TEC,VAS,10.74,6.42,Provável,3.31,7.814
113558,Bruninho,MEI,RBB,3.54,0.0,Nulo,0.0,0.0
99034,Elias,LAT,MIR,3.41,1.8,Nulo,0.0,1.8
91130,Fernandinho,ATA,MIR,3.53,1.79,Nulo,1.62,2.64
122121,Túlio Eduardo,ATA,CHA,6.32,4.14,Provável,3.61,3.72
103967,Bruno Santos,ATA,MIR,4.74,3.86,Provável,5.15,6.44
101352,Bruno Matias,MEI,CHA,3.0,1.81,Nulo,3.22,2.9199999999999995
151404,Lucas Emanuel,ATA,BOT,1.45,1.4,Nulo,0.0,1.4
98333,Gabriel Batista,GOL,BOT,5.86,5.07,Provável,4.15,5.9
91626,Paulinho,LAT,BOT,3.83,-0.15,Nulo,0.0,-0.15
118806,Buta,LAT,SAO,5.94,4.0,Contundido,0.0,4.0
91204,Warleson,GOL,BOT,6.12,5.67,Nulo,4.71,5.666666666666667
51413,Walter,GOL,MIR,6.78,3.46,Provável,3.32,6.44
97450,Gustavo Mosquito,ATA,MIR,4.99,3.12,Nulo,3.64,3.7
141339,Paulo Roberto,ATA,CFC,4.66,3.48,Nulo,4.16,4.24
146624,Heittor,ATA,PAL,1.15,0.53,Nulo,0.42,0.8
124483,Lucas Monzón,ZAG,BOT,3.24,1.44,Dúvida,1.65,2.8000000000000003
151412,Kássio,ATA,CHA,1.49,1.5,Nulo,0.0,1.5
93637,Bruno Tubarão,LAT,CHA,3.14,1.3,Provável,0.28,1.3
144976,Domingos Andrade,MEI,BOT,5.04,1.5,Nulo,0.0,1.5
109097,Jovane Cabral,ATA,GRE,6.44,2.92,Contundido,2.14,2.9199999999999995
106950,Fernando,LAT,CHA,3.61,1.64,Suspenso,2.44,3.46
141160,Zé Lucas,MEI,CRU,6.75,3.3,Dúvida,4.5,4.7
122670,Diego Caito,LAT,GRE,6.68,4.55,Contundido,2.77,3.7
109461,Calebe,MEI,INT,4.65,0.83,Nulo,0.85,0.8333333333333334
95541,Gustavo Cazonatti,MEI,MIR,3.42,2.33,Contundido,2.03,3.5
151292,Felipe Morais,MEI,CRU,5.84,5.7,Dúvida,3.54,5.7
114801,Danilo Pereira,ATA,BOT,5.06,3.05,Dúvida,2.17,3.3199999999999994
100596,Krovinovic,MEI,GRE,4.71,2.14,Nulo,1.2,2.1399999999999997
141344,Vitor Tissi,MEI,CFC,1.83,1.27,Nulo,1.38,1.98
117314,Thiago Borbas,ATA,CAM,6.04,4.9,Nulo,2.7,6.633333333333334
127871,Vargas,ATA,CAP,9.34,5.79,Dúvida,3.19,8.16
114323,Colidio,ATA,VAS,11.51,8.57,Provável,4.16,9.64
142764,Franco Rossi,ATA,CHA,3.12,1.92,Nulo,1.89,2.4
117909,Wesley,ATA,CRU,6.97,2.45,Dúvida,3.75,2.94
102255,Santiago Sosa,MEI,VAS,7.42,3.96,Provável,2.21,4.180000000000001
73476,Marcão,TEC,FLU,13.01,7.96,Provável,1.78,8.065999999999999
130121,João Costa,ATA,CRU,3.85,1.48,Nulo,1.47,2.375
77510,Fred,MEI,CAM,6.66,2.74,Nulo,1.88,3.4499999999999997
104649,Heitor,LAT,CHA,8.3,7.05,Contundido,2.61,7.05
86777,Danilo Barbosa,MEI,GRE,3.76,0.92,Provável,0.75,1.15
106313,Domingos Duarte,ZAG,SAO,8.02,6.06,Contundido,2.9,6.0600000000000005
123795,Lucho Rodríguez,ATA,CRU,6.2,2.62,Nulo,2.81,4.366666666666667
124961,Castaño,MEI,CAM,4.06,0.95,Provável,0.83,1.575
86864,Marlon,LAT,REM,6.18,4.14,Provável,2.15,4.68
85035,Sanabria,ATA,INT,3.31,-0.17,Contundido,0.0,-0.17
151600,Miguel Carvalho,MEI,CHA,3.92,2.04,Nulo,0.9,2.55
107300,Alex Bruno,ATA,VIT,3.49,0.65,Nulo,0.0,1.3
101237,Eliasson,ATA,INT,2.56,0.1,Nulo,0.0,0.5
106843,Borrero,MEI,CHA,3.99,1.5,Nulo,1.06,2.25
87747,Yago Felipe,MEI,CHA,8.55,5.5,Provável,2.88,4.24
138941,Bruno Duarte,ATA,VAS,9.35,7.68,Provável,5.54,7.675
108602,Valencia,ATA,FLA,5.91,1.5,Nulo,0.0,1.5
107093,Luciano Juba,LAT,BAH,10.48,6.82,Provável,4.99,5.279999999999999
73992,Rodinei,LAT,SAN,6.31,2.07,Provável,1.87,2.066666666666667
124552,Lescano,MEI,VAS,11.44,9.8,Provável,6.32,9.799999999999999
117926,Nicolás Fonseca,MEI,CFC,4.08,-0.85,Nulo,0.0,0.9
99520,Ziyech,MEI,BOT,8.39,1.1,Provável,0.14,1.1
150251,Joaquín Freitas,ATA,FLA,4.37,2.57,Nulo,2.57,2.566666666666667
122390,Rodrigo Gelado,LAT,CFC,1.76,0.0,Provável,0.0,0.0
80076,Zé Roberto,ATA,MIR,4.06,1.4,Nulo,0.0,1.4
130525,Pedro Lima,LAT,SAO,7.76,7.7,Provável,3.11,7.7
87211,Eduardo Baptista,TEC,INT,9.09,7.22,Provável,0.0,7.22
97133,Dudu,LAT,CHA,5.98,6.5,Contundido,0.0,6.5
106147,Thiago Carpini,TEC,REM,8.83,4.65,Provável,0.73,4.645
98974,Viña,LAT,CRU,8.6,11.0,Nulo,0.0,11.0
109573,Martinelli,MEI,FLU,5.27,2.68,Provável,2.73,5.86
132553,Jemmes,ZAG,FLU,6.22,3.26,Nulo,2.8,4.42
68685,Alan Patrick,MEI,INT,9.22,4.4,Provável,4.83,7.8199999999999985
104758,Enzo Díaz,LAT,SAO,9.04,3.9,Nulo,3.87,2.88
105949,Rochet,GOL,INT,6.28,3.33,Nulo,2.45,4.5600000000000005
97810,Erick,ATA,VIT,9.75,4.67,Provável,4.68,6.9
111412,Arthur Chaves,ZAG,BOT,5.5,0.5,Dúvida,0.0,0.5
68928,Rafael,GOL,SAO,7.68,3.37,Dúvida,2.26,3.9
103056,Gabriel Brazão,GOL,SAN,5.21,2.81,Contundido,3.75,4.32
92171,Arthur Cabral,ATA,BOT,9.19,5.44,Provável,5.84,3.66
69012,Santos,GOL,CAP,7.97,4.21,Nulo,3.5,6.359999999999999
63007,Neymar,MEI,SAN,20.23,10.24,Dúvida,5.86,13.14
87008,Léo Jardim,GOL,VAS,5.71,2.79,Provável,2.43,4.2
72294,Everson,GOL,CAM,9.67,4.58,Contundido,4.6,4.9799999999999995
37656,Fábio,GOL,FLU,9.23,4.6,Provável,2.84,6.0600000000000005
42234,Cássio,GOL,CRU,6.89,1.32,Nulo,4.46,3.766666666666667
101727,Matheuzinho,LAT,COR,11.07,6.22,Provável,4.4,5.3
100898,Vitinho,LAT,BOT,8.84,4.74,Dúvida,2.71,4.66
106593,Villalba,ZAG,CRU,7.31,3.19,Nulo,3.17,5.68
68899,Philippe Coutinho,MEI,SAN,12.65,6.8,Dúvida,0.0,2.5
99274,Alexander Barboza,ZAG,PAL,11.86,5.89,Dúvida,3.96,8.86
96591,Renan Lodi,LAT,CAM,9.6,4.91,Provável,3.96,5.119999999999999
80196,Yago Pikachu,MEI,REM,5.18,2.46,Provável,2.67,3.7199999999999998
105436,Carrascal,MEI,FLA,11.99,6.61,Provável,6.62,9.0
61987,Alex Sandro,LAT,FLA,7.41,2.91,Provável,3.26,2.12
117632,Garro,MEI,COR,10.22,4.83,Suspenso,4.25,5.279999999999999
80313,Gilberto,LAT,CAP,7.5,4.5,Nulo,2.65,6.32
113397,Cristian Olivera,ATA,BAH,6.89,3.93,Provável,3.21,3.4
109401,Erick Pulga,ATA,BAH,7.5,4.64,Provável,4.23,8.2
98022,Erick,MEI,BAH,6.33,4.39,Nulo,4.64,7.08
91101,Ronaldo,GOL,BAH,9.02,5.4,Provável,4.49,7.640000000000001
98484,Kanu,ZAG,BAH,2.65,0.68,Provável,1.37,1.5250000000000001
91772,David Duarte,ZAG,BAH,5.63,3.74,Provável,3.44,3.5
98517,Jean Lucas,MEI,BAH,9.11,5.26,Provável,3.46,6.8
104783,Acevedo,MEI,BAH,6.78,4.88,Suspenso,3.49,5.800000000000001
90768,Fabrício Bruno,ZAG,CRU,5.48,1.81,Contundido,2.48,2.1399999999999997
106822,Rodrigo Nestor,MEI,BAH,5.7,3.85,Provável,3.92,5.260000000000001
123717,Zé Guilherme,LAT,BAH,4.29,2.88,Nulo,2.23,3.625
68996,Willian José,ATA,BAH,7.04,2.28,Nulo,3.11,2.8
97868,Iago,LAT,SAO,6.24,4.54,Dúvida,3.9,7.3
72493,Alex Telles,LAT,BOT,10.38,4.59,Provável,4.16,5.8
97341,Rogério Ceni,TEC,BAH,9.94,5.59,Provável,1.97,5.3
107173,Michel Araújo,MEI,BAH,2.37,0.98,Nulo,1.55,2.2399999999999998
111829,Kayky,ATA,INT,3.63,1.27,Contundido,1.15,2.5333333333333337
106323,Caio Alexandre,MEI,BAH,3.35,0.97,Provável,1.31,1.7399999999999998
101314,Ademir,ATA,BAH,5.27,2.19,Nulo,2.66,1.52
145379,Kauê Furquim,ATA,BAH,2.15,1.35,Nulo,0.78,1.6199999999999999
123360,Cauly,MEI,SAO,6.41,2.95,Nulo,2.15,2.9799999999999995
129663,Ruan Pablo,ATA,BAH,1.44,0.17,Nulo,0.0,0.8
107231,Danilo,MEI,BOT,13.4,6.88,Provável,5.72,3.3400000000000007
136955,Sanabria,ATA,BAH,5.33,2.51,Nulo,2.74,3.5799999999999996
95799,Artur,ATA,SAO,8.83,5.02,Provável,3.47,4.859999999999999
111831,Matheus Martins,ATA,BOT,7.16,4.19,Provável,5.19,2.28
124481,Mateo Ponte,LAT,BOT,5.27,3.15,Dúvida,2.75,4.0
97468,Marçal,LAT,BOT,7.03,3.33,Nulo,3.12,5.640000000000001
146375,Kadir,ATA,BOT,3.82,1.88,Nulo,1.6,3.1599999999999997
70360,Eduardo Sasha,ATA,RBB,5.37,1.49,Provável,2.59,2.7
142890,Montoro,MEI,BOT,6.52,2.67,Dúvida,1.9,2.7
98672,Savarino,MEI,FLU,12.44,5.65,Nulo,6.72,7.74
142484,Barrera,MEI,BOT,4.93,2.46,Contundido,3.53,3.4199999999999995
142877,Villalba,ATA,BOT,3.76,1.53,Nulo,3.54,4.1
39850,Vagner Mancini,TEC,RBB,8.39,5.31,Provável,2.34,4.268
69140,Allan,MEI,BOT,4.5,2.05,Nulo,1.51,2.54
104693,Newton,MEI,SAO,4.18,1.95,Nulo,1.64,2.2
94968,Juninho Capixaba,LAT,RBB,11.82,6.7,Provável,4.15,5.92
100848,Luan Cândido,LAT,VIT,6.37,3.68,Provável,3.3,3.96
105213,Sant'Anna,LAT,RBB,8.56,5.61,Nulo,3.96,4.76
103295,Eric Ramires,MEI,RBB,2.32,0.68,Provável,0.83,1.1
78605,Gabriel,MEI,RBB,5.28,3.08,Nulo,2.85,2.5599999999999996
100695,Fernando,ATA,RBB,6.29,5.21,Provável,4.92,5.8
94067,Matheus Fernandes,MEI,RBB,4.54,2.78,Nulo,2.15,3.56
93882,Cleiton,GOL,RBB,5.9,2.24,Nulo,2.75,4.119999999999999
103014,Laquintana,ATA,VIT,3.92,1.0,Nulo,0.0,1.0
110750,Gustavo Marques,ZAG,RBB,7.21,4.42,Provável,3.06,3.0800000000000005
106434,Eduardo Santos,ZAG,RBB,3.6,1.05,Nulo,0.0,4.2
107236,Vanderlan,LAT,RBB,4.23,0.6,Nulo,0.0,1.5
110715,Andrés Hurtado,LAT,RBB,5.23,3.35,Nulo,2.77,2.9199999999999995
122897,Guzmán Rodríguez,ZAG,RBB,4.94,1.0,Nulo,0.0,3.0
117910,Breno Bidon,MEI,COR,8.05,3.47,Provável,3.6,3.6799999999999997
111246,Alix Vinicius,ZAG,RBB,5.08,2.81,Provável,2.79,2.2600000000000002
112886,Lucas Barbosa,ATA,RBB,9.57,6.18,Provável,4.38,6.4
68920,Dudu,ATA,CAM,5.77,2.24,Provável,3.73,2.1399999999999997
113157,Nathan Mendes,LAT,VIT,7.52,5.02,Nulo,4.08,6.859999999999999
108133,Isidro Pitta,ATA,RBB,4.81,3.12,Nulo,5.3,1.72
39656,Alan Franco,MEI,CAM,4.58,1.95,Provável,2.35,1.3800000000000001
132274,Ignacio Sosa,MEI,RBB,4.44,1.91,Nulo,2.63,3.9200000000000004
122394,Gustavinho,MEI,RBB,5.32,2.46,Nulo,3.5,3.04
98909,Cuello,ATA,CAM,9.41,6.5,Suspenso,5.54,9.459999999999999
132580,Vinicinho,ATA,RBB,3.87,2.13,Nulo,1.87,1.8399999999999999
124239,Henry Mosquera,ATA,RBB,5.11,3.3,Contundido,2.44,2.16
87999,Gustavo Scarpa,MEI,CAM,6.41,2.88,Contundido,2.78,3.7199999999999998
140906,Davi Gomes,ATA,RBB,5.19,4.25,Contundido,2.76,4.25
72460,Bernard,MEI,CAM,6.34,3.5,Provável,3.72,5.08
72605,Vitor Hugo,ZAG,CAM,5.88,3.15,Nulo,5.12,7.38
115674,Gabriel Delfim,GOL,CAM,3.89,2.6,Provável,3.29,3.5
92087,Lyanco,ZAG,CAM,8.7,3.58,Provável,4.52,4.260000000000001
105068,Reinier,MEI,CAM,5.49,4.2,Provável,5.78,9.3
91607,Rony,ATA,SAN,5.84,2.84,Nulo,3.38,4.880000000000001
100084,Igor Gomes,MEI,CAM,4.47,1.82,Nulo,3.45,3.8
107554,Natanael,LAT,CAM,8.79,5.19,Provável,4.61,7.159999999999999
101002,Júnior Santos,ATA,BOT,4.34,1.86,Nulo,2.49,2.46
122990,Patrick,MEI,RBB,3.84,0.8,Provável,0.0,0.8
95556,Raniele,MEI,COR,7.36,4.39,Provável,3.12,5.0
118774,Alexsander,MEI,CAM,5.78,2.48,Nulo,3.27,3.62
78248,Gustavo Henrique,ZAG,COR,8.13,4.22,Provável,3.22,4.54
103767,Gabriel Menino,MEI,SAN,8.53,4.99,Nulo,4.74,4.22
85048,Memphis Depay,ATA,COR,9.33,2.67,Provável,2.83,3.6399999999999997
100842,Ruan,ZAG,CAM,6.2,3.7,Contundido,3.24,6.76
77485,Carrillo,MEI,COR,4.35,1.53,Nulo,1.36,2.8200000000000003
78435,Vitinho,ATA,COR,5.08,2.45,Nulo,1.45,2.96
105647,Maurício,MEI,PAL,7.29,4.56,Nulo,4.91,7.280000000000001
92440,André Ramalho,ZAG,COR,5.73,2.55,Nulo,1.82,2.88
40990,Dorival Júnior,TEC,SAO,9.18,4.6,Provável,2.23,6.676
105531,Matheus Bidu,LAT,COR,12.34,7.2,Provável,5.09,5.819999999999999
101574,Hugo Souza,GOL,COR,8.87,4.11,Provável,3.98,3.5200000000000005
102340,Cacá,ZAG,VIT,5.52,2.59,Provável,3.39,3.3200000000000003
85425,João Paulo,GOL,SAN,6.94,-0.35,Nulo,0.0,1.7
96342,Charles,MEI,COR,4.49,2.25,Nulo,2.43,3.1
98720,Angileri,LAT,COR,5.32,4.09,Nulo,3.14,6.24
98225,Pedro Raul,ATA,COR,2.94,1.13,Nulo,3.63,3.4200000000000004
145744,André,MEI,COR,7.77,4.39,Provável,4.82,8.379999999999999
97642,Félix Torres,ZAG,INT,5.18,3.75,Nulo,2.71,5.3
42500,Fagner,LAT,CRU,5.63,3.81,Dúvida,3.69,6.82
121824,Kayke,ATA,COR,3.64,1.65,Contundido,1.37,2.475
84558,Lucas Romero,MEI,CRU,8.04,4.67,Dúvida,3.84,5.18
111760,Fabinho,MEI,RBB,2.85,1.29,Nulo,1.22,3.0
125488,João Pedro,ZAG,COR,6.91,4.12,Nulo,3.37,5.15
105175,Khellven,LAT,PAL,6.35,3.58,Nulo,3.01,6.040000000000001
45125,Tite,TEC,BOT,8.75,3.88,Provável,1.42,3.7600000000000002
133543,Gui Negão,ATA,COR,3.27,1.8,Nulo,3.55,3.54
96610,Matheus Pereira,MEI,CRU,14.46,7.49,Provável,4.62,10.74
141995,Dieguinho,MEI,COR,3.19,1.43,Nulo,2.74,2.04
79701,Lucas Silva,MEI,CRU,3.22,0.36,Nulo,1.16,1.48
124912,Jonathan Jesus,ZAG,CRU,7.15,4.6,Provável,2.77,5.3999999999999995
105047,João Marcelo,ZAG,CRU,4.7,2.46,Provável,3.42,2.8
111690,Matheus Cunha,GOL,INT,4.12,3.18,Nulo,3.47,4.38
89275,William,LAT,CRU,9.29,4.39,Dúvida,3.69,6.58
100742,Matheus Henrique,MEI,CRU,4.55,2.02,Nulo,2.12,3.4199999999999995
117404,Otávio,GOL,CRU,4.79,4.09,Provável,3.07,7.960000000000001
114405,Sinisterra,ATA,CRU,5.85,3.27,Contundido,3.25,4.839999999999999
93478,Wanderson,ATA,CRU,3.98,1.95,Nulo,3.6,4.26
143600,Kauã Moraes,LAT,CRU,6.81,4.83,Nulo,3.99,4.819999999999999
69783,Danilo,ZAG,FLA,6.79,2.56,Nulo,4.36,4.8
82627,Luiz Araújo,ATA,FLA,6.76,2.94,Nulo,5.47,4.72
113158,Marquinhos,ATA,CRU,3.54,0.45,Nulo,0.0,1.5
132264,Arroyo,ATA,CRU,5.81,4.15,Provável,5.56,8.459999999999999
83528,Léo Pereira,ZAG,FLA,8.75,4.66,Provável,4.35,4.38
84816,Varela,LAT,FLA,8.35,4.38,Provável,2.86,3.78
131967,Villarreal,ATA,CRU,7.96,4.98,Nulo,4.76,4.62
84735,Jorginho,MEI,FLA,8.6,3.94,Suspenso,3.29,4.74
91473,Erick Pulgar,MEI,FLA,6.67,3.07,Provável,3.06,5.860000000000001
122660,Japa,MEI,MIR,5.51,3.71,Nulo,2.58,3.6799999999999997
86757,Everton,ATA,SAN,6.07,2.07,Provável,1.74,2.6
80061,Saúl,MEI,FLA,5.61,2.11,Dúvida,2.43,3.9200000000000004
97867,Léo Ortiz,ZAG,FLA,8.31,4.12,Provável,3.24,3.6
87863,Arrascaeta,MEI,FLA,13.75,5.37,Contundido,3.6,5.92
137542,Kaique Kenji,ATA,CRU,2.61,1.25,Nulo,2.9,2.8
98873,Samuel Lino,ATA,FLA,12.81,8.74,Provável,6.45,12.74
96870,Emerson Royal,LAT,FLA,7.19,5.27,Nulo,3.45,4.5
88393,Ayrton Lucas,LAT,FLA,8.18,5.03,Contundido,3.35,4.640000000000001
109096,Plata,ATA,FLA,10.31,6.53,Dúvida,4.68,7.160000000000001
90285,Bruno Henrique,ATA,FLA,5.08,2.63,Nulo,3.06,5.9799999999999995
62977,Ganso,MEI,FLU,3.87,1.67,Provável,2.24,3.6199999999999997
122573,Wallace Yan,ATA,RBB,5.14,2.44,Provável,6.25,5.04
99228,De la Cruz,MEI,FLA,4.3,0.75,Nulo,1.1,1.46
73384,Samuel Xavier,LAT,FLU,7.75,3.5,Nulo,3.32,3.9200000000000004
96652,Allan,MEI,COR,3.12,1.74,Nulo,2.94,4.38
140492,João Victor,ZAG,FLA,4.34,6.5,Nulo,0.0,6.5
115914,Evertton Araújo,MEI,FLA,2.59,1.17,Contundido,2.86,3.6
78445,Renê,LAT,FLU,9.68,6.18,Contundido,3.84,7.140000000000001
87228,Guilherme Arana,LAT,FLU,8.4,3.82,Provável,2.84,6.159999999999999
78855,Thiago Santos,ZAG,CFC,4.02,3.07,Provável,2.39,3.34
143295,Joshua,MEI,FLA,2.6,-0.3,Nulo,0.0,-0.3
101319,Guga,LAT,FLU,6.54,3.67,Provável,4.01,4.58
78117,Everaldo,ATA,BAH,4.97,3.05,Nulo,5.62,3.34
87258,Soteldo,ATA,FLU,4.53,2.12,Nulo,2.32,5.26
82463,Otávio,MEI,FLU,2.81,1.17,Nulo,2.11,2.75
103523,Ignácio,ZAG,FLU,7.19,4.64,Nulo,5.04,8.940000000000001
116447,Hércules,MEI,FLU,6.16,3.21,Provável,3.57,2.7600000000000002
113034,Freytes,ZAG,FLU,4.55,2.49,Nulo,2.31,2.1799999999999997
102928,Canobbio,ATA,FLU,9.81,6.72,Provável,5.15,7.5600000000000005
86485,Keno,ATA,CFC,3.09,0.61,Nulo,1.13,0.9800000000000001
96340,Lima,MEI,SAN,2.99,-0.35,Nulo,0.0,0.5
79631,Cano,ATA,FLU,4.31,2.28,Nulo,4.4,3.66
127932,Júlio Fidelis,LAT,FLU,4.17,4.38,Nulo,4.58,5.933333333333334
89493,Igor Rabello,ZAG,FLU,7.78,5.43,Nulo,3.01,5.433333333333334
100987,Nonato,MEI,FLU,5.35,2.55,Nulo,2.03,2.9800000000000004
111832,Jefté,LAT,PAL,4.16,2.47,Contundido,3.96,4.8
132071,Serna,ATA,FLU,7.18,4.25,Provável,3.97,6.580000000000001
72018,Tiago Volpi,GOL,RBB,9.06,5.28,Provável,4.16,3.5
87342,Kannemann,ZAG,GRE,5.72,3.06,Nulo,5.75,4.325
89273,João Pedro,LAT,GRE,2.59,0.78,Provável,1.12,1.52
87887,Balbuena,ZAG,GRE,7.57,4.45,Nulo,3.35,5.9399999999999995
102318,Caio Paulista,LAT,GRE,5.59,3.07,Provável,2.42,3.34
97145,Villasanti,MEI,GRE,6.36,4.02,Provável,6.0,5.1
105563,Carlos Vinícius,ATA,GRE,11.88,4.28,Provável,6.66,2.56
63013,Marcos Rocha,LAT,GRE,6.39,1.94,Nulo,2.63,2.625
112616,Gabriel Grando,GOL,GRE,3.77,0.3,Nulo,0.0,0.3
140484,Riquelme Felipe,ATA,FLU,3.22,1.43,Contundido,1.86,1.3800000000000001
91908,Pavón,ATA,GRE,5.69,4.0,Provável,4.63,6.6
63289,Edenílson,MEI,BOT,5.55,2.73,Contundido,5.35,4.9
91706,Marlon,LAT,GRE,8.13,4.68,Contundido,5.33,3.3199999999999994
111309,Gustavo Martins,ZAG,GRE,7.11,3.94,Provável,4.97,6.5
89883,Dodi,MEI,GRE,2.2,-0.04,Suspenso,0.78,1.75
104994,Wagner Leonardo,ZAG,GRE,5.23,2.5,Nulo,2.27,4.5200000000000005
90532,Arthur Melo,MEI,SAN,7.22,3.01,Contundido,1.95,2.3600000000000003
72951,Mercado,ZAG,INT,5.59,3.43,Provável,3.11,2.5000000000000004
92182,Juninho,ZAG,INT,5.25,2.76,Dúvida,2.35,4.22
89637,Thiago Maia,MEI,INT,4.17,2.09,Provável,2.49,4.32
101960,Vitinho,ATA,INT,8.6,4.94,Provável,3.34,7.1
130889,Riquelme,MEI,GRE,2.42,-1.45,Nulo,0.0,-1.45
70944,Bruno Henrique,MEI,INT,4.43,2.28,Nulo,2.53,5.82
116067,Thiago Beltrame,GOL,GRE,2.08,0.7,Nulo,0.0,0.7
106202,Bruno Gomes,MEI,INT,6.68,3.72,Provável,2.7,5.3
88136,Ivan,GOL,REM,7.58,10.2,Nulo,0.0,10.2
142004,Amuzu,ATA,GRE,6.5,3.52,Provável,3.44,1.8199999999999998
110510,Aguirre,LAT,INT,5.92,4.06,Provável,2.58,5.359999999999999
92981,Ronaldo,MEI,INT,3.35,1.81,Nulo,4.14,0.9600000000000002
111683,Anthoni,GOL,INT,5.09,2.92,Provável,3.7,3.5599999999999996
93790,Marlon Freitas,MEI,PAL,6.42,2.85,Provável,4.29,4.08
68872,Marcelo Lomba,GOL,PAL,7.08,8.9,Nulo,0.0,8.9
71684,Gustavo Gómez,ZAG,PAL,11.14,5.63,Provável,4.06,9.14
107989,Carbonero,ATA,INT,8.44,5.07,Nulo,5.57,4.279999999999999
97653,Murilo,ZAG,PAL,7.53,4.03,Provável,3.87,5.88
71631,Weverton,GOL,GRE,9.18,5.52,Provável,5.45,9.86
102130,Piquerez,LAT,PAL,10.92,6.36,Provável,3.36,5.4799999999999995
84674,Lucas Evangelista,MEI,PAL,4.37,1.42,Dúvida,1.3,2.7
143488,Raykkonen,ATA,INT,2.63,0.5,Nulo,0.0,0.5
70592,Felipe Anderson,MEI,PAL,5.9,3.16,Nulo,3.02,4.359999999999999
111466,Victor Gabriel,ZAG,INT,3.51,2.16,Dúvida,1.93,4.26
110506,Abel Ferreira,TEC,PAL,12.53,6.91,Provável,2.13,7.967999999999999
104084,Carlos Miguel,GOL,PAL,8.68,5.42,Provável,2.92,7.7
92811,Bruno Rodrigues,ATA,CRU,3.67,2.44,Nulo,3.29,4.42
110759,John Kennedy,ATA,FLU,10.92,7.3,Contundido,4.98,8.5
88479,Walace,MEI,VIT,2.75,1.08,Dúvida,1.41,1.36
126977,Fernando Seabra,TEC,CFC,7.41,4.95,Provável,2.29,4.306
124526,Giay,LAT,PAL,7.4,4.89,Provável,3.05,6.220000000000001
104085,Bruno Fuchs,ZAG,PAL,8.31,4.61,Nulo,2.55,6.2
99818,Paulinho,ATA,PAL,10.37,3.42,Nulo,3.39,5.15
108683,Emiliano Martínez,MEI,PAL,3.84,2.06,Nulo,1.57,2.98
112863,Ramón Sosa,ATA,PAL,6.4,3.33,Nulo,4.21,6.4799999999999995
141337,Lucas Taverna,LAT,CFC,2.69,1.95,Contundido,2.17,2.6
133679,Benedetti,ZAG,PAL,5.42,4.85,Nulo,0.21,4.85
136156,Larson,MEI,PAL,1.34,0.05,Nulo,0.85,1.1
73318,Daniel Borges,LAT,MIR,6.47,4.62,Nulo,2.87,5.4799999999999995
79066,Alex Muralha,GOL,MIR,4.99,4.35,Nulo,1.63,4.35
90917,Carlos Eduardo,ATA,MIR,4.42,2.63,Nulo,3.97,1.5
97460,João Victor,ZAG,MIR,4.15,2.81,Suspenso,2.98,5.5200000000000005
87742,Neto Moura,MEI,MIR,3.23,1.71,Provável,1.86,2.96
81005,André Luis,ATA,MIR,4.07,1.48,Nulo,2.95,2.52
72279,Thomazella,GOL,MIR,0.83,-1.35,Nulo,0.0,0.3
104027,Rafael Guanaes,TEC,MIR,7.35,4.6,Provável,2.06,6.682
83257,Gabriel,ATA,SAN,9.15,5.62,Provável,5.74,7.159999999999999
97321,Alesson,ATA,MIR,8.83,4.71,Nulo,3.41,4.68
98384,Negueba,ATA,MIR,8.57,5.23,Contundido,3.61,3.62
82775,Lucas Ramon,LAT,SAO,10.01,5.04,Nulo,4.13,5.22
97520,Shaylon,MEI,MIR,3.98,1.87,Nulo,2.66,2.8600000000000003
84847,Luan Peres,ZAG,SAN,4.83,3.07,Dúvida,3.55,3.0
101708,Felipe Jonatan,LAT,CFC,4.51,2.08,Nulo,2.4,2.1
102256,Rollheiser,MEI,SAN,5.56,3.41,Nulo,5.34,6.88
95466,Igor Vinícius,LAT,SAN,9.65,6.39,Nulo,4.31,7.88
141754,Gabriel Bontempo,MEI,SAN,6.1,3.88,Provável,3.15,4.42
77777,João Schmidt,MEI,SAN,4.96,2.08,Nulo,1.78,3.7400000000000007
84042,Tiquinho Soares,ATA,BOT,4.58,1.38,Nulo,1.11,1.12
104204,Edson Carioca,ATA,MIR,4.62,3.04,Provável,4.04,5.380000000000001
102975,Escobar,LAT,SAN,9.49,6.22,Dúvida,3.91,5.92
113690,Diógenes,GOL,SAN,4.26,3.97,Provável,4.46,3.975
78478,Willian Arão,MEI,SAN,5.54,3.32,Provável,2.77,5.239999999999999
105903,Aldo Filho,MEI,MIR,3.8,2.09,Contundido,1.9,2.96
117403,Renato Marques,ATA,CFC,2.73,0.74,Nulo,0.91,1.6400000000000001
87470,Thaciano,MEI,SAN,5.28,2.0,Nulo,3.22,1.3199999999999998
91866,Zé Ivaldo,ZAG,REM,5.13,2.29,Provável,2.44,2.6
63008,Rafael Tolói,ZAG,SAO,8.17,5.3,Provável,3.52,6.299999999999999
91573,Arboleda,ZAG,SAO,8.03,3.96,Provável,2.62,4.34
89840,Calleri,ATA,SAO,10.57,5.02,Provável,4.33,2.7399999999999998
104075,Sabino,ZAG,SAO,6.6,3.75,Provável,3.15,3.28
85403,Danielzinho,MEI,SAO,5.64,2.37,Contundido,2.06,1.5399999999999998
105300,Ferraresi,ZAG,BOT,6.6,3.75,Provável,3.31,5.9
141868,Vini Lira,LAT,SAN,3.79,2.42,Contundido,1.34,2.4250000000000003
77656,Cédric Soares,LAT,SAO,3.73,0.94,Nulo,0.71,1.04
81845,Alisson,MEI,FLU,3.52,0.96,Nulo,2.15,1.7599999999999998
80570,Wendell,LAT,SAO,7.87,4.18,Dúvida,3.68,4.2
70164,Lucas Moura,MEI,SAO,7.5,2.32,Nulo,3.54,3.8200000000000003
101290,Ferreira,ATA,SAO,6.1,3.45,Nulo,6.23,4.24
106028,Coronel,GOL,SAO,7.31,5.8,Dúvida,1.84,5.8
71123,Thiago Mendes,MEI,VAS,7.62,4.29,Provável,3.38,4.720000000000001
106294,Marcos Antônio,MEI,SAO,5.7,2.73,Provável,2.63,4.2
93716,Paulo Henrique,LAT,VAS,7.45,3.29,Provável,2.83,3.3200000000000003
131617,André Silva,ATA,SAO,3.18,0.48,Nulo,0.93,2.04
86410,Victor Luis,LAT,MIR,3.65,1.2,Nulo,2.34,2.725
113359,Pablo Maia,MEI,SAO,4.21,1.85,Dúvida,2.17,1.52
86686,Tchê Tchê,MEI,VAS,4.54,2.88,Nulo,3.85,5.12
118563,Rodriguinho,MEI,RBB,5.87,3.63,Contundido,2.77,4.0600000000000005
140542,Ryan Francisco,ATA,SAO,4.35,-0.3,Dúvida,0.0,-0.3
81091,Jair,MEI,VAS,5.2,2.08,Nulo,2.79,2.6
107873,Bobadilla,MEI,SAO,7.67,3.74,Provável,3.71,3.9799999999999995
116706,Andrés Gómez,ATA,VAS,13.07,7.22,Provável,4.68,6.58
141609,Lucca,ATA,SAO,2.05,0.23,Nulo,0.0,1.2
90309,David,ATA,VAS,5.38,2.43,Nulo,3.52,4.6
117330,Robert Renan,ZAG,VAS,5.44,3.09,Provável,3.16,5.119999999999999
99213,Puma Rodríguez,LAT,VAS,7.07,4.04,Nulo,4.05,2.7800000000000002
105584,Lucas Piton,LAT,VAS,4.81,2.34,Nulo,3.88,3.66
115141,Lucas Freitas,ZAG,VAS,6.03,4.67,Nulo,2.83,7.0
90703,Matheuzinho,MEI,VIT,9.83,4.68,Provável,6.39,10.86
111682,Adson,MEI,VAS,5.7,3.29,Nulo,2.09,3.54
96793,Camutanga,ZAG,VIT,6.71,3.95,Contundido,4.27,3.94
104118,Lucas Arcanjo,GOL,VIT,10.15,5.96,Provável,3.18,8.34
92180,Jair Ventura,TEC,VIT,9.5,5.54,Provável,2.75,7.215999999999999
111879,Mateus Silva,LAT,VIT,8.92,6.57,Provável,5.85,8.16
99440,Baralhas,MEI,VIT,9.25,5.24,Contundido,3.55,4.64
142279,Nuno Moreira,MEI,VAS,4.7,1.98,Nulo,2.55,1.56
101597,Ramon,LAT,VIT,8.07,4.81,Contundido,3.29,3.2
116461,Jamerson,LAT,VIT,8.24,5.38,Provável,4.16,8.68
92696,Renato Kayzer,ATA,VIT,5.72,2.46,Nulo,3.89,1.1
122485,Barros,MEI,VAS,8.61,4.64,Nulo,4.59,2.66
42222,Osvaldo,ATA,VIT,4.07,0.4,Nulo,0.0,0.8
80129,Jadson,MEI,CAP,5.32,3.51,Provável,4.17,3.6
90031,Mendoza,ATA,CAP,7.66,4.21,Provável,3.51,3.8600000000000003
90588,Caíque,MEI,VIT,4.57,2.57,Provável,1.67,2.82
104330,Dudu,MEI,VIT,5.01,3.95,Nulo,0.0,8.2
92273,Odair Hellmann,TEC,CAP,9.08,5.95,Provável,2.21,6.25
107985,Terán,ZAG,CAP,5.67,3.91,Nulo,4.44,4.96
110698,Mycael,GOL,CAP,9.01,6.9,Provável,1.54,6.9
110668,Esquivel,LAT,CAP,7.43,5.14,Provável,3.34,6.26
130620,Edenílson,MEI,VIT,2.96,1.42,Nulo,1.3,2.42
113113,Benavídez,LAT,CAP,9.33,5.4,Provável,4.2,7.76
85626,Léo,ZAG,CAP,6.77,4.9,Nulo,0.28,4.9
112017,Felipinho,MEI,CAP,4.79,2.99,Nulo,3.37,4.86
105518,Renan Peixoto,ATA,CAP,2.67,0.8,Nulo,1.11,1.58
125746,Dudu,MEI,CAP,2.34,1.59,Nulo,3.91,1.6600000000000001
120433,Léo Derik,LAT,CAP,5.81,3.65,Nulo,3.22,4.58
123101,Leozinho,ATA,CAP,6.34,5.06,Dúvida,7.64,4.459999999999999
128431,João Cruz,MEI,CAP,5.81,4.12,Dúvida,4.2,6.720000000000001
127970,Felipe Chiqueti,MEI,CAP,2.07,1.35,Nulo,0.81,1.4
123869,Aguirre,ZAG,CAP,5.15,3.26,Provável,2.93,4.14
84339,Bruno Melo,LAT,CFC,5.12,2.9,Suspenso,2.76,1.8399999999999999
143193,Viveros,ATA,CAP,13.49,9.02,Provável,6.28,10.000000000000002
90302,Pedro Rocha,ATA,CFC,7.2,4.56,Provável,4.72,8.52
131832,Portilla,MEI,CAP,3.35,1.42,Nulo,1.52,3.0799999999999996
125926,Zapelli,MEI,CAP,3.89,1.31,Nulo,1.71,1.54
71227,Maicon,ZAG,CFC,3.7,1.79,Nulo,2.39,3.2399999999999998
84626,Josué,MEI,CFC,6.38,4.04,Provável,4.06,3.66
104811,Sebastián Gómez,MEI,CFC,4.31,2.79,Provável,2.03,4.4799999999999995
63354,Rodrigo Moledo,ZAG,CFC,5.59,3.39,Dúvida,3.12,1.64
82628,Tinga,LAT,CFC,5.37,3.38,Provável,2.79,5.8
110708,Pedro Rangel,GOL,CFC,6.43,4.55,Nulo,4.23,5.24
101405,Wallisson,MEI,MIR,4.54,2.67,Nulo,2.61,4.74
113103,Flaco López,ATA,PAL,14.41,7.06,Provável,4.9,6.959999999999999
125803,Pedro Morisco,GOL,CFC,7.56,4.39,Provável,3.39,4.5
112576,Vini Paulista,MEI,CFC,3.45,2.2,Nulo,1.99,1.8400000000000003
97878,Jacy,ZAG,CFC,5.08,3.82,Dúvida,3.7,3.8200000000000003
97095,Carlos Cuesta,ZAG,VAS,4.47,1.51,Nulo,3.21,4.68
97795,Marcelinho,LAT,REM,5.71,4.88,Provável,4.26,4.58
141406,Andrey Fernandes,ATA,VAS,1.41,1.7,Nulo,0.0,1.7
109127,Tiago Cóser,ZAG,CFC,3.61,2.72,Provável,3.11,4.4399999999999995
123648,Lucas Ronier,ATA,CFC,10.77,6.7,Contundido,4.58,4.2
117930,Lavega,ATA,CFC,5.24,3.31,Dúvida,3.96,2.2600000000000002
68822,Rafael Santos,GOL,CHA,4.94,3.75,Nulo,3.29,3.7499999999999996
104257,João Lucas,LAT,REM,4.59,2.82,Contundido,2.38,3.54
107700,Eduardo Melo,ATA,REM,2.54,1.8,Nulo,0.57,1.8
98224,Jáderson,MEI,REM,2.35,0.78,Nulo,1.28,1.94
82730,Marcelo Rangel,GOL,REM,5.7,3.84,Provável,3.0,3.34
102911,Zé Ricardo,MEI,REM,5.09,3.12,Provável,2.8,5.659999999999999
71043,Léo Vieira,GOL,BAH,6.82,5.02,Contundido,3.08,4.74
68938,Giovanni Augusto,MEI,CHA,4.69,3.6,Provável,5.53,8.879999999999999
101393,Eduardo Doma,ZAG,CHA,3.65,2.16,Provável,2.41,3.1
102906,Anderson,GOL,CHA,5.6,3.54,Provável,4.0,5.48
104470,Everton,LAT,CHA,3.89,1.93,Nulo,1.8,2.68
97432,Victor Caetano,ZAG,CHA,3.16,1.48,Nulo,1.34,2.8400000000000003
95332,Marcinho,ATA,CHA,4.66,4.05,Provável,4.73,7.1
104519,Camilo,MEI,CHA,4.57,2.79,Provável,1.71,2.46
109336,Rafael Carvalheira,MEI,CHA,5.7,2.72,Contundido,3.55,3.96
83048,Rafael Thyere,ZAG,CHA,2.75,-0.1,Nulo,0.0,-0.1
116066,Rubens,ATA,CHA,2.38,1.24,Nulo,3.09,2.52
68708,Eduardo,MEI,MIR,6.45,4.05,Provável,4.67,9.48
99552,Rossi,GOL,FLA,7.92,4.69,Provável,3.79,4.9
107453,João Paulo,ZAG,CHA,4.5,3.13,Nulo,5.38,5.3999999999999995
110426,Bernabei,LAT,INT,9.29,5.71,Provável,5.17,5.0
130843,Arthur Dias,ZAG,CAP,5.83,3.62,Provável,2.53,3.66
130414,Robert,MEI,CHA,3.51,3.0,Contundido,0.0,3.0
140438,David,MEI,CHA,1.03,0.65,Nulo,0.55,2.033333333333333
89274,Andreas Pereira,MEI,PAL,12.03,4.8,Provável,4.39,4.84
126471,Barreal,MEI,SAN,9.79,5.1,Nulo,5.1,7.68
97900,Vitão,ZAG,FLA,6.62,2.37,Nulo,2.65,3.3
130806,Kauan,ZAG,CHA,1.67,1.32,Provável,1.91,2.74
39148,Hulk,ATA,FLU,13.05,7.06,Provável,5.6,13.459999999999999
141776,Gustavo Henrique,MEI,SAN,4.72,3.58,Provável,4.43,7.68
100652,Yuri Alberto,ATA,COR,10.25,4.07,Provável,5.67,8.319999999999999
89837,Lucho Acosta,MEI,FLU,11.1,5.06,Nulo,4.16,6.24
122781,Caballero,ATA,SAN,3.47,1.69,Nulo,1.41,2.55
80287,Luciano,ATA,SAO,13.05,5.59,Contundido,3.89,8.0
78850,Reinaldo,LAT,MIR,7.68,3.37,Provável,2.67,5.880000000000001
103445,Kaio Jorge,ATA,CRU,12.61,5.33,Provável,5.02,7.74
115025,Miguelito,MEI,SAN,5.19,4.05,Nulo,6.38,7.3
89368,Braithwaite,ATA,GRE,5.19,0.53,Nulo,0.56,1.1400000000000001
51772,Everton Ribeiro,MEI,BAH,7.84,3.96,Nulo,3.98,3.94
106104,Enamorado,ATA,GRE,7.82,3.52,Suspenso,2.59,4.24
133673,Mateus Xavier,ATA,SAN,2.33,1.2,Nulo,0.0,1.2
94583,Pedro,ATA,FLA,15.66,8.19,Provável,6.99,5.140000000000001
114802,Vitor Roque,ATA,PAL,15.15,6.44,Provável,6.05,7.640000000000001
123738,Herrera,ATA,RBB,4.6,2.55,Nulo,2.56,2.9400000000000004
101908,Willian Machado,ZAG,MIR,5.25,3.39,Provável,3.03,4.26
128433,Johan Rojas,MEI,VAS,4.07,1.71,Nulo,1.49,2.12
118655,Saldivia,ZAG,VAS,5.99,3.76,Provável,4.38,6.58
108713,Galeano,ATA,REM,4.26,1.75,Suspenso,2.07,3.08
86292,Bolasie,ATA,CHA,3.75,1.98,Nulo,2.66,3.9799999999999995
132412,Román Gómez,LAT,BAH,7.81,4.73,Dúvida,4.11,3.9599999999999995
145400,Cauê,LAT,RBB,4.23,3.47,Nulo,0.35,5.25
94514,Lucas Oliveira,ZAG,MIR,4.75,2.75,Dúvida,3.34,1.58
115986,Denilson,MEI,MIR,4.61,2.95,Provável,4.42,4.36
126182,Paulinho,MEI,INT,3.85,1.9,Nulo,2.27,1.56
94154,Maycon,MEI,CAM,4.88,2.12,Nulo,3.09,1.36
141131,Vitão,ZAG,CAM,4.68,4.52,Provável,4.56,4.18
90061,Bruno Pacheco,LAT,CHA,6.57,4.7,Provável,4.76,7.6
126120,Marcelinho,MEI,RBB,3.16,2.18,Nulo,2.6,2.9
114040,Minda,ATA,CAM,7.2,3.61,Nulo,3.53,3.08
147090,Kauã Pascini,LAT,CAM,3.91,3.35,Nulo,2.08,3.8
106708,Igor Formiga,LAT,MIR,8.67,5.98,Provável,4.7,10.16
105089,Tetê,ATA,GRE,8.28,3.52,Nulo,3.02,2.56
70666,Marllon,ZAG,REM,6.18,3.04,Provável,2.63,5.4399999999999995
93988,Breno Lopes,ATA,CFC,8.32,4.83,Provável,5.5,2.9200000000000004
69208,Gabriel Paulista,ZAG,COR,8.32,4.0,Provável,4.0,2.34
89256,Gerson,MEI,CRU,8.46,4.56,Provável,3.27,5.88
103388,Emmanuel Martínez,MEI,VIT,6.02,3.25,Provável,1.96,3.1399999999999997
106302,Preciado,LAT,CAM,7.65,4.38,Nulo,4.24,5.32
130048,Noriega,ZAG,GRE,7.14,3.71,Provável,3.72,3.3
100342,Léo Andrade,ZAG,REM,4.79,2.95,Nulo,1.59,2.9499999999999997
116034,Victor Hugo,MEI,CAM,6.59,3.56,Provável,3.69,3.46
83433,Patrick,MEI,REM,5.24,3.66,Nulo,3.13,2.9200000000000004
113125,Picco,MEI,REM,6.12,3.38,Provável,3.87,3.5200000000000005
105157,Villagra,MEI,INT,5.73,2.24,Provável,1.83,3.2399999999999998
71536,Luiz Gustavo,MEI,CAP,6.36,3.51,Provável,3.29,3.6399999999999997
146374,Gilberto Junior,LAT,CAP,5.56,3.67,Nulo,3.76,4.64
123689,Milans,LAT,COR,7.2,4.26,Nulo,2.51,3.7399999999999998
95362,Cassierra,ATA,CAM,6.61,2.5,Contundido,4.31,4.68
142265,Dell,ATA,BAH,1.82,0.65,Nulo,0.78,1.95
110633,Gustavo,MEI,CFC,3.3,0.9,Nulo,0.71,1.7999999999999998
86859,José Welison,MEI,REM,3.74,2.62,Nulo,2.32,3.1599999999999997
105842,Edu,ZAG,VIT,4.13,1.5,Contundido,0.0,1.5
97906,Riccieli,ZAG,VIT,4.85,3.5,Nulo,2.12,3.5
87552,Vitor Bueno,MEI,REM,7.21,3.9,Provável,4.64,4.68
140496,Tiaguinho,MEI,GRE,0.93,0.0,Nulo,0.0,0.0
90370,Matheus Pereira,MEI,COR,2.83,0.8,Provável,1.36,1.8800000000000001
68952,Marinho,ATA,VIT,4.6,2.02,Nulo,1.47,1.9599999999999997
101715,Alerrandro,ATA,INT,6.06,3.32,Provável,4.93,2.08
146623,Luis Pacheco,MEI,PAL,1.72,-0.08,Nulo,0.0,1.3
145404,Arthur,LAT,PAL,5.37,4.43,Nulo,3.46,5.56
110598,Marino Hinestroza,ATA,VAS,4.84,1.62,Nulo,2.26,2.1399999999999997
99789,Brenner,ATA,VAS,6.94,2.9,Nulo,2.66,1.9
101729,Fabinho,ATA,CFC,2.17,1.36,Dúvida,3.67,3.4
94930,Lucas Paquetá,MEI,FLA,13.94,6.58,Provável,4.25,7.380000000000001
104134,Fabri,ATA,VIT,5.12,2.49,Nulo,2.39,3.46
130906,Riquelme,MEI,CAP,1.53,1.06,Nulo,0.07,2.95
118844,Kaio César,ATA,COR,9.83,5.77,Suspenso,3.9,5.32
124270,Allex,MEI,INT,2.25,1.25,Contundido,1.25,1.3
147202,João Bezerra,ATA,INT,1.19,0.6,Nulo,0.0,1.2
145036,Fernando Pradella,ATA,SAN,0.82,0.0,Nulo,0.0,0.0
142638,João Victor,ATA,INT,0.63,-0.8,Nulo,0.0,-0.8
147883,João Vitor,ATA,VAS,3.49,3.13,Nulo,6.01,6.25
141615,Pedro Ferreira,MEI,SAO,1.55,1.1,Nulo,0.88,1.1
146991,Rhuan Gabriel,MEI,CRU,1.39,1.2,Nulo,0.0,1.2
142086,Kauan Toledo,ATA,BOT,2.55,1.99,Nulo,1.64,2.48
141991,Tico,ATA,REM,0.94,0.25,Nulo,0.0,0.5
112939,Catarozzi,MEI,REM,5.41,0.9,Nulo,0.0,0.9
147088,Cissé,MEI,CAM,2.2,1.79,Nulo,2.5,2.2800000000000002
82407,Chico Kim,MEI,MIR,3.19,1.77,Provável,2.84,2.88
108131,Garcez,ATA,CHA,4.68,3.65,Provável,4.34,6.900000000000001
116065,Cuiabano,LAT,VAS,12.84,7.68,Provável,4.62,8.919999999999998
147546,Roger,MEI,GRE,1.5,1.2,Nulo,0.0,1.2
143463,Wesley Natã,ATA,FLU,2.77,3.5,Nulo,0.0,7.3
146410,Marquinhos,MEI,BOT,0.85,0.0,Nulo,0.0,0.0
99815,Arias,MEI,PAL,13.74,6.85,Provável,5.47,4.18
108162,Nardoni,MEI,GRE,5.68,1.81,Nulo,2.66,1.1400000000000001
97911,Lucas Silva,ATA,VIT,3.62,1.6,Dúvida,2.78,3.0
148124,Vinicius,ZAG,CHA,1.63,0.1,Nulo,0.0,1.5
110144,Spinelli,ATA,VAS,5.59,2.95,Nulo,2.89,3.7600000000000002
146430,Justino,ZAG,BOT,3.34,2.75,Nulo,4.38,4.1
148215,Djhordney,MEI,SAO,1.7,1.38,Nulo,1.5,3.25
109987,Medina,MEI,BOT,6.76,3.64,Dúvida,3.98,3.9200000000000004
131964,Jhoan Hernández,LAT,BOT,3.69,0.0,Nulo,0.0,0.0
104666,Moisés,ATA,SAN,4.78,2.35,Nulo,3.47,4.4
93371,Rodrigo Rodrigues,ATA,CFC,3.28,-0.9,Nulo,0.0,-0.9
105048,Jajá,ATA,REM,6.5,5.15,Provável,4.07,5.659999999999999
126189,Tomás Pérez,MEI,CAM,2.87,1.33,Suspenso,1.79,2.9200000000000004
104036,Labyad,MEI,COR,4.52,2.05,Contundido,2.67,3.9
145563,João Ananias,ZAG,SAN,3.43,2.5,Nulo,1.68,2.1
92747,Eduardo Domínguez,TEC,CAM,10.16,5.4,Provável,2.66,5.422
141400,Huguinho,MEI,BOT,5.29,3.14,Provável,3.16,3.1799999999999997
97899,Matheus Bahia,LAT,INT,6.27,3.9,Nulo,2.66,6.200000000000001
93368,Lucas Veríssimo,ZAG,SAN,8.94,4.46,Provável,3.2,4.720000000000001
147545,Jefinho,MEI,GRE,1.46,1.5,Nulo,0.0,1.5
124219,Millán,ZAG,FLU,4.87,1.97,Provável,2.7,3.38
101807,Oliva,MEI,SAN,6.09,3.25,Provável,3.29,4.42
88963,Leonardo Jardim,TEC,FLA,12.91,7.3,Provável,3.0,7.701999999999998
100804,Tchamba,ZAG,REM,4.48,2.7,Nulo,3.08,4.2
41929,Renato Gaúcho,TEC,GRE,9.65,5.22,Provável,1.82,4.7219999999999995
124424,Rodrigo Castillo,ATA,FLU,6.78,3.66,Nulo,4.18,4.86
133690,Bruno Lopes,ATA,VAS,1.57,1.7,Nulo,0.0,1.7
81720,Lingard,ATA,COR,3.67,1.62,Nulo,1.4,1.0
142260,Bernardo Zortea,MEI,GRE,1.1,0.88,Nulo,2.33,2.65
148125,Ryan Augusto,LAT,RBB,4.69,3.72,Provável,4.04,4.74
121823,Kauê,GOL,COR,5.21,4.98,Nulo,5.6,7.199999999999999
147268,Anderson Pato,ATA,VIT,3.12,1.38,Nulo,0.25,1.375
140726,David Martins,MEI,BAH,0.65,-0.1,Nulo,0.0,-0.1
95131,Gabriel Taliari,ATA,REM,9.07,4.92,Provável,4.82,4.760000000000001
115537,Marcos Victor,ZAG,BAH,5.05,3.77,Dúvida,2.95,5.65
141594,Pedro Gabriel,LAT,GRE,5.78,3.3,Nulo,2.49,4.68
145659,Nicolas,LAT,SAO,2.79,5.0,Contundido,0.0,5.0
42411,Cuca,TEC,SAN,10.21,6.13,Provável,2.16,6.385999999999999
142257,Luis Eduardo,ZAG,GRE,1.45,-0.3,Nulo,0.0,-0.3
127273,Artur Jorge,TEC,CRU,12.31,6.66,Provável,1.95,7.422
107256,Zé Vitor,MEI,VIT,6.64,4.79,Dúvida,4.21,6.9399999999999995
110605,Vinícius Balieiro,MEI,CHA,3.62,1.84,Contundido,1.79,3.0666666666666664
143153,Tarzia,ATA,VIT,4.34,3.16,Suspenso,3.02,3.56
149715,Rafael Gonzaga,LAT,SAN,2.79,2.4,Nulo,0.0,2.4
147192,Claudinho,LAT,CAP,6.48,6.47,Nulo,5.9,6.880000000000001
130209,Renê,ATA,VIT,9.09,7.01,Provável,6.28,9.66
102877,Gabriel Poveda,ATA,REM,1.97,0.43,Nulo,0.62,1.3800000000000001
103347,Matheus Alexandre,LAT,REM,4.19,1.92,Nulo,2.43,2.7
123016,David Braga,MEI,REM,4.2,1.75,Nulo,3.11,2.54
101820,Mayk,LAT,REM,5.75,3.27,Nulo,3.39,4.3
94034,Kevin Ramírez,ATA,CHA,4.21,3.18,Nulo,3.97,3.78
97905,Matheus Aurélio,GOL,CHA,2.61,1.7,Nulo,0.0,3.5
148717,Tetê,ATA,SAO,0.63,-0.32,Nulo,0.0,-0.32
149993,Iago Machado,ZAG,COR,1.11,0.6,Nulo,0.0,1.2
147089,Cauã Soares,ATA,CAM,1.39,0.73,Nulo,0.25,1.4666666666666668
141405,Avellar,LAT,VAS,2.8,3.45,Nulo,2.76,3.45
150197,Osorio,ZAG,SAO,1.38,1.33,Nulo,2.95,4.6000000000000005
146701,Benjamin Arhin,MEI,INT,1.73,-0.3,Nulo,0.0,-0.3
85465,Alex Santana,MEI,COR,4.02,0.8,Nulo,0.0,0.8
149991,David,ATA,CFC,0.92,0.0,Nulo,0.0,0.0
150757,Samuel Pierri,MEI,SAN,1.88,0.45,Nulo,0.0,0.9
149994,Jhuan Nunes,ATA,RBB,1.54,1.15,Nulo,0.0,2.3
150180,Ramon Rique,MEI,VAS,4.31,3.08,Nulo,3.0,4.8
142868,Johnny,LAT,FLA,0.89,0.0,Nulo,0.0,0.0
148092,Vitor Ramon,LAT,GRE,1.0,0.2,Nulo,0.0,0.2
150825,Breno,ZAG,RBB,2.8,3.35,Nulo,0.0,6.7
145660,Luiz Felipe,LAT,INT,1.65,1.45,Nulo,0.0,2.9
150959,Davizinho,LAT,SAN,2.01,1.62,Nulo,2.47,3.25
130279,Lukas Zuccarello,MEI,VAS,2.32,1.3,Nulo,0.0,1.3
141536,Yuri Alves,MEI,RBB,1.55,1.05,Nulo,0.42,1.05
141382,Gustavo Santana,ATA,SAO,3.6,3.6,Dúvida,5.55,4.8
147544,Gabriel Menegon,GOL,GRE,1.81,0.0,Nulo,0.0,0.0
96678,Bustos,LAT,CFC,3.66,-0.35,Nulo,0.0,-0.35
