team,attack,defense
America-MG,0.00523733662252173,-0.14075439311783883
Atletico-GO,-0.23324843956066657,-0.02695737566291185
Atletico-MG,0.16391727243566084,0.18502053616724728
Atletico-PR,0.216153002688044,0.160222644578558
Avai,-0.2812991353758336,-0.14844030266498776
Bahia,0.22158563901719275,0.0908100779129527
Botafogo,0.2822659937846725,0.1490003658618446
Bragantino,0.1009936355079592,0.10071974547209331
CSA,-0.4909523983633662,-0.09051715285892077
Ceara,-0.17305789149973536,0.26488188636684834
Chapecoense,-0.07545937659196629,-0.3282026499921144
Corinthians,0.06184982011618299,0.1683924623598245
Coritiba,0.09588729544126318,-0.18550855675895908
Criciuma,0.0143916164878112,-0.15459575993020658
Cruzeiro,0.21119707035827576,0.26908530537886427
Cuiaba,-0.23785776554122742,0.20349900124538595
Figueirense,-0.2546819394351972,0.016577878264957165
Flamengo,0.5261881451220635,0.4061166900091264
Fluminense,0.22723706848021508,0.22665531473655168
Fortaleza,0.1285900989005964,0.07345211821502033
Goias,-0.06765301441081636,-0.0336646299987565
Gremio,0.11676595074364705,0.05145321717573623
Internacional,0.11699240320551334,0.11672791062516612
Joinville,-0.3960404711697922,0.03312460110152487
Juventude,-0.03591952474041696,-0.19304846704942588
Mirassol,0.24072198769094408,0.11895054406142605
Nautico,-0.24383469299853033,-0.21286500743053632
Palmeiras,0.4126668135291776,0.5180847480793187
Parana,-0.7640311110048633,-0.07987481464277736
Ponte Preta,-0.07561655021582853,0.031232438000846435
Portuguesa,0.02375959858483044,0.12212340233808054
Remo,0.038011588876779134,-0.13981157217762383
Santa Cruz,0.03752809739637097,-0.2876160043048615
Santos,0.20048029995056685,0.015535315673308415
Sao Paulo,0.07538872534970799,0.18658820091416042
Sport,-0.3420528982418508,-0.2812459080782064
Vasco,0.1772108061882064,-0.05044787272096632
Vitoria,-0.023315057328111687,0.02210327677247885
